5	4	5	0	F	unsat	0.198	0
5	4	5	1	F	unsat	0.202	0
5	4	5	0	Bplus	unsat	0.244	0
5	4	5	3	Bplus	unsat	20.65	0
5	4	5	2	Bplus	unsat	24.302	0
5	4	5	2	F	unsat	32.514	0
5	4	6	0	F	unsat	0.189	0
5	4	6	0	Bplus	unsat	0.197	0
5	4	5	3	F	unsat	34.766	0
5	4	6	1	F	unsat	0.203	0
5	4	5	4	F	unsat	16.977	0
5	4	5	1	Bplus	unsat	48.761	0
5	4	5	4	Bplus	unsat	21.975	0
5	4	6	2	F	unsat	17.224	0
5	4	6	1	Bplus	unsat	27.228	0
5	4	6	2	Bplus	unsat	23.477	0
5	4	6	3	F	unsat	24.314	0
5	4	6	3	Bplus	unsat	24.869	0
5	4	7	0	F	unsat	0.188	0
5	4	6	4	F	unsat	19.797	0
5	4	6	5	F	unsat	10.193	0
5	4	7	0	Bplus	unsat	0.252	0
5	4	7	1	F	unsat	0.346	0
5	4	6	4	Bplus	unsat	24.798	0
5	4	6	5	Bplus	unsat	21.675	0
5	4	7	2	Bplus	unsat	21.601	0
5	4	7	1	Bplus	unsat	23.923	0
5	4	7	2	F	unsat	25.114	0
5	4	7	3	Bplus	unsat	20.842	0
5	4	7	4	F	unsat	15.017	0
5	4	7	5	F	unsat	13.179	0
5	4	7	3	F	unsat	29.374	0
5	4	7	4	Bplus	unsat	18.51	0
5	4	8	0	F	unsat	0.199	0
5	4	8	0	Bplus	unsat	0.214	0
5	4	8	1	F	unsat	0.205	0
5	4	7	6	F	unsat	5.073	0
5	4	7	5	Bplus	unsat	19.598	0
5	4	8	2	Bplus	unsat	13.588	0
5	4	7	6	Bplus	unsat	20.703	0
5	4	8	1	Bplus	unsat	17.099	0
5	4	8	2	F	unsat	26.18	0
5	4	8	3	Bplus	unsat	14.581	0
5	4	8	4	F	unsat	15.746	0
5	4	8	5	F	unsat	10.369	0
5	4	8	3	F	unsat	25.984	0
5	4	8	4	Bplus	unsat	22.897	0
5	4	8	6	F	unsat	12.522	0
5	4	8	5	Bplus	unsat	15.531	0
5	4	9	0	F	unsat	0.191	0
5	4	9	0	Bplus	unsat	0.196	0
5	4	9	1	F	unsat	0.231	0
5	4	8	7	F	unsat	11.029	0
5	4	8	6	Bplus	unsat	13.901	0
5	4	8	7	Bplus	unsat	14.504	0
5	4	9	1	Bplus	unsat	15.199	0
5	4	9	2	Bplus	unsat	13.048	0
5	4	9	3	Bplus	unsat	12.234	0
5	4	9	2	F	unsat	18.985	0
5	4	9	3	F	unsat	24.175	0
5	4	9	5	Bplus	unsat	11.631	0
5	4	9	5	F	unsat	13.62	0
5	4	9	4	F	unsat	19.305	0
5	4	9	4	Bplus	unsat	23.193	0
5	4	9	6	F	unsat	13.252	0
5	4	9	6	Bplus	unsat	16.832	0
5	5	5	0	F	unsat	0.203	0
5	4	9	7	F	unsat	17.939	0
5	4	9	8	F	unsat	11.582	0
5	5	5	0	Bplus	unsat	0.228	0
5	5	5	1	F	unsat	0.268	0
5	4	9	7	Bplus	unsat	23.862	0
5	4	9	8	Bplus	unsat	21.066	0
5	5	5	1	Bplus	unknown	60.22	0
5	5	5	2	F	unknown	60.191	0
5	5	5	2	Bplus	unknown	60.19	0
5	5	6	0	F	unsat	0.202	0
5	5	6	0	Bplus	unsat	0.234	0
5	5	5	3	F	unknown	60.193	0
5	5	6	1	F	unsat	0.234	0
5	5	5	3	Bplus	unknown	60.224	0
5	5	5	4	Bplus	unsat	44.772	0
5	5	5	4	F	unknown	60.325	0
5	5	6	1	Bplus	unknown	60.202	0
5	5	6	2	F	unknown	60.23	0
5	5	6	2	Bplus	unknown	60.188	0
5	5	6	5	F	unsat	26.19	0
5	5	6	3	F	unknown	60.193	0
5	5	7	0	F	unsat	0.195	0
5	5	7	0	Bplus	unsat	0.2	0
5	5	7	1	F	unsat	0.199	0
5	5	6	3	Bplus	unsat	58.533	0
5	5	6	4	F	unknown	60.287	0
5	5	6	4	Bplus	unknown	60.296	0
5	5	6	5	Bplus	unsat	44.308	0
5	5	7	2	Bplus	unsat	37.405	0
5	5	7	1	Bplus	unknown	60.185	0
5	5	7	2	F	unknown	60.22	0
5	5	7	3	Bplus	unsat	44.469	0
5	5	7	3	F	unknown	60.163	0
5	5	7	5	F	unsat	20.763	0
5	5	7	6	F	unsat	25.141	0
5	5	8	0	F	unsat	0.198	0
5	5	8	0	Bplus	unsat	0.223	0
5	5	7	4	Bplus	unsat	46.269	0
5	5	7	5	Bplus	unsat	29.341	0
5	5	8	1	F	unsat	0.219	0
5	5	7	4	F	unknown	60.199	0
5	5	8	2	Bplus	unsat	36.74	0
5	5	7	6	Bplus	unknown	60.237	0
5	5	8	1	Bplus	unsat	59.87	0
5	5	8	2	F	unknown	60.195	0
5	5	8	3	F	unknown	60.203	0
5	5	8	3	Bplus	unsat	36.135	0
5	5	8	4	Bplus	unsat	34.295	0
5	5	8	5	F	unsat	39.338	0
5	5	8	4	F	unknown	60.2	0
5	5	8	6	F	unsat	33.743	0
5	5	9	0	F	unsat	0.222	0
5	5	9	0	Bplus	unsat	0.201	0
5	5	8	5	Bplus	unsat	48.511	0
5	5	9	1	F	unsat	0.207	0
5	5	8	7	Bplus	unsat	23.768	0
5	5	8	6	Bplus	unsat	32.448	0
5	5	9	2	Bplus	unsat	25.727	0
5	5	8	7	F	unsat	54.332	0
5	5	9	1	Bplus	unsat	49.533	0
5	5	9	3	F	unsat	38.468	0
5	5	9	2	F	unsat	53.606	0
5	5	9	3	Bplus	unsat	25.632	0
5	5	9	4	F	unsat	31.267	0
5	5	9	4	Bplus	unsat	24.682	0
5	5	9	5	F	unsat	27.887	0
5	5	9	5	Bplus	unsat	28.331	0
5	5	9	6	Bplus	unsat	25.814	0
5	5	9	6	F	unsat	43.753	0
5	5	9	7	F	unsat	34.699	0
6	5	6	0	F	unsat	0.263	0
6	5	6	0	Bplus	unsat	0.216	0
6	5	6	1	F	unsat	0.365	0
5	5	9	7	Bplus	unsat	31.837	0
6	5	6	1	Bplus	unsat	7.586	0
6	5	6	2	F	unsat	8.936	0
6	5	6	2	Bplus	unsat	9.298	0
6	5	6	3	F	unsat	11.823	0
6	5	6	3	Bplus	unsat	11.774	0
5	5	9	8	F	unsat	55.967	0
6	5	6	4	Bplus	unsat	4.407	0
6	5	7	0	F	unsat	0.189	0
6	5	7	0	Bplus	unsat	0.243	0
5	5	9	8	Bplus	unsat	47.691	0
6	5	6	4	F	unsat	19.499	0
6	5	7	1	F	unsat	0.263	0
6	5	7	2	Bplus	unsat	5.811	0
6	5	7	1	Bplus	unsat	7.884	0
6	5	6	5	Bplus	unsat	16.631	0
6	5	6	5	F	unsat	20.362	0
6	5	7	3	Bplus	unsat	7.374	0
6	5	7	2	F	unsat	17.855	0
6	5	7	4	Bplus	unsat	5.015	0
6	5	7	6	F	unsat	4.315	0
6	5	7	4	F	unsat	14.241	0
6	5	8	0	F	unsat	0.199	0
6	5	7	3	F	unsat	18.641	0
6	5	8	0	Bplus	unsat	0.237	0
6	5	8	1	F	unsat	0.198	0
6	5	7	6	Bplus	unsat	4.393	0
6	5	7	5	Bplus	unsat	16.022	0
6	5	8	1	Bplus	unsat	6.013	0
6	5	7	5	F	unsat	20.571	0
6	5	8	2	F	unsat	10.679	0
6	5	8	3	Bplus	unsat	3.656	0
6	5	8	2	Bplus	unsat	10.701	0
6	5	8	4	Bplus	unsat	7.568	0
6	5	8	3	F	unsat	13.535	0
6	5	8	5	F	unsat	11.317	0
6	5	8	6	Bplus	unsat	3.36	0
6	5	8	4	F	unsat	15.199	0
6	5	8	6	F	unsat	4.907	0
6	5	9	0	F	unsat	0.257	0
6	5	8	5	Bplus	unsat	13.738	0
6	5	9	0	Bplus	unsat	0.237	0
6	5	9	1	F	unsat	0.264	0
6	5	8	7	F	unsat	4.344	0
6	5	8	7	Bplus	unsat	7.98	0
6	5	9	1	Bplus	unsat	6.956	0
6	5	9	2	Bplus	unsat	7.003	0
6	5	9	3	F	unsat	8.423	0
6	5	9	3	Bplus	unsat	4.634	0
6	5	9	4	Bplus	unsat	5.069	0
6	5	9	2	F	unsat	18.036	0
6	5	9	4	F	unsat	14.656	0
6	5	9	6	Bplus	unsat	3.462	0
6	5	9	6	F	unsat	6.327	0
6	5	9	5	Bplus	unsat	10.781	0
6	5	9	5	F	unsat	16.428	0
6	5	9	7	Bplus	unsat	4.996	0
6	5	9	8	F	unsat	4.842	0
6	6	6	0	F	unsat	0.279	0
6	5	9	7	F	unsat	7.301	0
6	5	9	8	Bplus	unsat	5.9	0
6	6	6	0	Bplus	unsat	0.208	0
6	6	6	1	F	unsat	0.29	0
6	6	6	2	Bplus	unsat	14.543	0
6	6	6	3	Bplus	unsat	17.606	0
6	6	6	1	Bplus	unsat	30.642	0
6	6	6	4	F	unsat	15.669	0
6	6	6	2	F	unsat	32.454	0
6	6	7	0	F	unsat	0.199	0
6	6	7	0	Bplus	unsat	0.2	0
6	6	7	1	F	unsat	0.204	0
6	6	6	4	Bplus	unsat	18.879	0
6	6	6	3	F	unsat	37.929	0
6	6	6	5	Bplus	unsat	18.822	0
6	6	7	2	Bplus	unsat	19.508	0
6	6	7	1	Bplus	unsat	23.616	0
6	6	7	2	F	unsat	28.636	0
6	6	6	5	F	unsat	39.218	0
6	6	7	3	Bplus	unsat	14.092	0
6	6	7	4	Bplus	unsat	7.84	0
6	6	7	3	F	unsat	30.577	0
6	6	7	6	F	unsat	4.646	0
6	6	8	0	F	unsat	0.191	0
6	6	8	0	Bplus	unsat	0.192	0
6	6	8	1	F	unsat	0.197	0
6	6	7	6	Bplus	unsat	7.077	0
6	6	7	5	Bplus	unsat	17.53	0
6	6	7	4	F	unsat	32.33	0
6	6	8	1	Bplus	unsat	19.007	0
6	6	7	5	F	unsat	39.319	0
6	6	8	2	Bplus	unsat	17.726	0
6	6	8	3	F	unsat	29.523	0
6	6	8	3	Bplus	unsat	16.243	0
6	6	8	4	Bplus	unsat	16.965	0
6	6	8	2	F	unsat	40.655	0
6	6	8	4	F	unsat	24.04	0
6	6	8	5	Bplus	unsat	10.831	0
6	6	8	6	F	unsat	8.837	0
6	6	9	0	F	unsat	0.242	0
6	6	8	7	F	unsat	8.253	0
6	6	8	6	Bplus	unsat	9.495	0
6	6	9	0	Bplus	unsat	0.201	0
6	6	9	1	F	unsat	0.274	0
6	6	8	5	F	unsat	21.387	0
6	6	8	7	Bplus	unsat	14.742	0
6	6	9	2	Bplus	unsat	11.887	0
6	6	9	1	Bplus	unsat	19.651	0
6	6	9	3	Bplus	unsat	11.208	0
6	6	9	3	F	unsat	17.093	0
6	6	9	4	Bplus	unsat	12.099	0
6	6	9	5	Bplus	unsat	11.002	0
6	6	9	4	F	unsat	19.865	0
6	6	9	2	F	unsat	38.656	0
6	6	9	6	F	unsat	9.017	0
6	6	9	6	Bplus	unsat	7.985	0
6	6	9	7	F	unsat	8.45	0
6	6	9	5	F	unsat	24.794	0
6	6	9	7	Bplus	unsat	6.632	0
6	6	9	8	F	unsat	7.432	0
6	6	9	8	Bplus	unsat	9.271	0
