mask	result	seconds	rc
131	unsat	1.230	0
135	unsat	0.919	0
139	unsat	0.920	0
143	unsat	1.072	0
147	unsat	1.217	0
151	unsat	1.130	0
155	unsat	1.190	0
159	unsat	1.466	0
163	unsat	0.956	0
167	unsat	0.855	0
171	unsat	0.888	0
175	unsat	0.874	0
179	unsat	0.938	0
183	unsat	0.782	0
187	unsat	1.016	0
191	unsat	1.506	0
195	unsat	0.891	0
199	unsat	0.828	0
203	unsat	1.055	0
207	unsat	1.026	0
211	unsat	0.776	0
215	unsat	0.711	0
219	unsat	0.947	0
223	unsat	2.322	0
227	unsat	0.978	0
231	unsat	0.863	0
235	unsat	0.880	0
239	unsat	1.022	0
243	unsat	0.781	0
247	unsat	0.742	0
251	unsat	0.942	0
255	unsat	4.155	0
387	unsat	0.842	0
391	unsat	1.066	0
395	unsat	1.093	0
399	unsat	1.211	0
403	unsat	1.084	0
407	unsat	0.718	0
411	unsat	0.839	0
415	unsat	2.476	0
419	unsat	0.774	0
423	unsat	0.711	0
427	unsat	0.806	0
431	unsat	1.357	0
435	unsat	0.712	0
439	unsat	0.707	0
443	unsat	1.029	0
447	unsat	2.292	0
451	unsat	0.835	0
455	unsat	0.736	0
459	unsat	0.898	0
463	unsat	1.748	0
467	unsat	1.004	0
471	unsat	0.940	0
475	unsat	1.391	0
479	unsat	2.117	0
483	unsat	0.853	0
487	unsat	0.824	0
491	unsat	1.111	0
495	unsat	1.462	0
499	unsat	0.670	0
503	unsat	0.658	0
507	unsat	1.509	0
511	unknown	7.584	0
643	unsat	0.854	0
647	unsat	0.801	0
651	NORESULT	9.208	124
655	NORESULT	9.140	124
659	NORESULT	9.431	124
663	NORESULT	9.491	124
667	NORESULT	9.501	124
671	NORESULT	9.111	124
675	unsat	1.021	0
679	unsat	0.797	0
683	unsat	1.055	0
687	unsat	1.201	0
691	unsat	0.931	0
