DCC	3	3	unsat	5.218	0
DCC	4	4	unsat	7.725	0
DCC	4	3	unsat	11.853	0
DCC	6	3	unsat	2.479	0
DCC	5	4	unsat	19.689	0
DCC	5	3	unsat	21.089	0
DCC	7	3	unsat	10.011	0
DCC	6	4	unsat	21.894	0
DCC	5	5	unsat	34.57	0
DCC	7	4	unsat	14.916	0
DCC	7	5	unsat	15.851	0
DCC	8	3	unsat	1.894	0
DCC	8	4	unsat	2.701	0
DCC	7	6	unsat	22.738	0
DCC	8	5	unsat	3.94	0
DCC	8	6	unsat	2.598	0
DCC	8	7	unsat	2.004	0
DCC	9	3	unsat	0.68	0
DCC	9	4	unsat	0.805	0
DCC	9	5	unsat	0.38	0
DCC	9	6	unsat	0.32	0
DCC	8	8	unsat	8.747	0
DCC	9	7	unsat	0.273	0
DCC	9	8	unsat	0.307	0
DCC	9	9	unsat	0.341	0
DCD	3	3	unsat	5.215	0
DCD	4	3	unsat	12.826	0
DCD	4	4	unsat	6.64	0
DCC	6	6	unsat	83.966	0
DCD	5	4	unsat	14.127	0
DCD	5	3	unsat	15.281	0
DCC	6	5	unsat	107.973	0
DCD	6	3	unsat	14.497	0
DCC	7	7	unsat	80.897	0
DCD	7	3	unsat	4.29	0
DCD	6	4	unsat	23.936	0
DCD	5	5	unsat	39.747	0
DCD	7	4	unsat	14.796	0
DCD	7	5	unsat	21.546	0
DCD	8	3	unsat	1.215	0
DCD	8	4	unsat	3.585	0
DCD	8	5	unsat	2.185	0
DCD	8	6	unsat	3.313	0
DCD	8	7	unsat	6.887	0
DCD	8	8	unsat	7.703	0
DCD	6	5	unsat	76.656	0
DCD	9	3	unsat	2.146	0
DCD	9	4	unsat	0.993	0
DCD	9	5	unsat	0.594	0
DCD	9	6	unsat	0.395	0
DCD	9	7	unsat	0.494	0
DCD	9	8	unsat	0.313	0
DCD	9	9	unsat	0.389	0
DCCC	4	4	unsat	1.523	0
DCCC	5	5	unsat	3.714	0
DCCC	5	4	unsat	8.508	0
DCCC	6	4	unsat	1.715	0
DCD	7	7	unsat	64.918	0
DCCC	7	4	unsat	2.595	0
DCCC	6	6	unsat	5.431	0
DCCC	6	5	unsat	7.98	0
DCCC	7	5	unsat	3.195	0
DCCC	8	4	unsat	1.484	0
DCCC	7	6	unsat	5.713	0
DCCC	8	5	unsat	1.077	0
DCCC	8	6	unsat	1.49	0
DCCC	7	7	unsat	9.026	0
DCCC	8	7	unsat	1.893	0
DCCC	8	8	unsat	1.148	0
DCCC	9	4	unsat	0.598	0
DCCC	9	5	unsat	0.486	0
DCCC	9	6	unsat	0.4	0
DCCC	9	7	unsat	0.319	0
DCCC	9	8	unsat	0.48	0
DCCC	9	9	unsat	0.384	0
DCCD	4	4	unsat	1.31	0
DCD	7	6	unsat	102.439	0
DCCD	5	5	unsat	2.749	0
DCCD	6	5	unsat	3.532	0
DCCD	6	4	unsat	5.63	0
DCCD	5	4	unsat	9.486	0
DCCD	6	6	unsat	3.432	0
DCCD	7	4	unsat	4.28	0
DCCD	7	5	unsat	3.543	0
DCCD	7	6	unsat	4.644	0
DCCD	8	4	unsat	1.165	0
DCCD	8	5	unsat	1.209	0
DCCD	8	6	unsat	1.224	0
DCCD	8	7	unsat	1.589	0
DCCD	8	8	unsat	2.319	0
DCCD	9	4	unsat	0.661	0
DCCD	9	5	unsat	0.621	0
DCCD	7	7	unsat	12.16	0
DCCD	9	6	unsat	0.32	0
DCCD	9	7	unsat	0.482	0
DCCD	9	8	unsat	0.272	0
DCCD	9	9	unsat	0.407	0
DCDC	4	4	unsat	1.758	0
DCDC	5	5	unsat	2.11	0
DCDC	5	4	unsat	5.421	0
DCDC	6	4	unsat	6.018	0
DCDC	6	6	unsat	4.305	0
DCDC	7	4	unsat	5.387	0
DCDC	7	5	unsat	3.405	0
DCDC	6	5	unsat	12.0	0
DCDC	8	4	unsat	0.957	0
DCDC	8	5	unsat	1.032	0
DCDC	8	6	unsat	1.166	0
DCDC	7	6	unsat	9.327	0
DCDC	8	7	unsat	1.906	0
DCD	6	6	unsat	166.886	0
DCDC	9	4	unsat	0.619	0
DCDC	8	8	unsat	2.039	0
DCDC	9	5	unsat	0.583	0
DCDC	9	6	unsat	0.504	0
DCDC	9	7	unsat	0.405	0
DCDC	9	8	unsat	0.389	0
DCDC	9	9	unsat	0.453	0
DCDD	4	4	unsat	1.513	0
DCDD	5	5	unsat	2.123	0
DCDD	5	4	unsat	3.838	0
DCDD	6	5	unsat	3.771	0
DCDC	7	7	unsat	21.495	0
DCDD	7	4	unsat	3.586	0
DCDD	6	6	unsat	4.798	0
DCDD	6	4	unsat	8.927	0
DCDD	7	5	unsat	3.701	0
DCDD	8	4	unsat	1.105	0
DCDD	8	5	unsat	0.951	0
DCDD	8	6	unsat	1.254	0
DCDD	7	6	unsat	5.195	0
DCDD	8	7	unsat	1.377	0
DCDD	8	8	unsat	2.721	0
DCDD	9	4	unsat	0.65	0
DCDD	9	6	unsat	0.307	0
DCDD	9	5	unsat	0.579	0
DCDD	9	7	unsat	0.343	0
DCDD	9	8	unsat	0.326	0
DCDD	9	9	unsat	0.285	0
DCCCC	5	5	unsat	0.428	0
DCCCC	6	6	unsat	0.501	0
DCCCC	6	5	unsat	0.883	0
DCCCC	7	5	unsat	0.552	0
DCDD	7	7	unsat	12.64	0
DCCCC	7	6	unsat	0.791	0
DCCCC	7	7	unsat	0.623	0
DCCCC	8	5	unsat	0.666	0
DCCCC	8	6	unsat	0.592	0
DCCCC	8	7	unsat	0.76	0
DCCCC	8	8	unsat	0.554	0
DCCCC	9	5	unsat	0.497	0
DCCCC	9	7	unsat	0.471	0
DCCCC	9	6	unsat	0.491	0
DCCCC	9	8	unsat	0.388	0
DCCCC	9	9	unsat	0.558	0
DCCCD	5	5	unsat	0.624	0
DCCCD	6	6	unsat	0.693	0
DCCCD	6	5	unsat	1.366	0
DCCCD	7	6	unsat	1.307	0
DCCCD	7	5	unsat	2.194	0
DCCCD	8	5	unsat	0.919	0
DCCCD	8	6	unsat	0.651	0
DCCCD	7	7	unsat	2.095	0
DCCCD	8	7	unsat	0.757	0
DCCCD	8	8	unsat	0.733	0
DCCCD	9	5	unsat	0.508	0
DCCCD	9	6	unsat	0.415	0
DCCCD	9	7	unsat	0.464	0
DCCCD	9	9	unsat	0.256	0
DCCCD	9	8	unsat	0.431	0
DCCDC	5	5	unsat	0.51	0
DCCDC	6	6	unsat	0.643	0
DCCDC	6	5	unsat	1.352	0
DCCDC	7	6	unsat	0.699	0
DCCDC	7	5	unsat	1.839	0
DCCDC	7	7	unsat	1.044	0
DCCDC	8	5	unsat	0.794	0
DCCDC	8	7	unsat	0.485	0
DCCDC	8	6	unsat	0.648	0
DCCDC	9	5	unsat	0.51	0
DCCDC	8	8	unsat	0.715	0
DCCDC	9	6	unsat	0.49	0
DCCDC	9	8	unsat	0.319	0
DCCDC	9	7	unsat	0.418	0
DCCDC	9	9	unsat	0.296	0
DCCDD	5	5	unsat	0.596	0
DCCDD	6	6	unsat	0.587	0
DCCDD	6	5	unsat	1.187	0
DCCDD	7	5	unsat	1.34	0
DCCDD	7	6	unsat	0.946	0
DCCDD	7	7	unsat	1.25	0
DCCDD	8	5	unsat	0.756	0
DCCDD	8	6	unsat	0.652	0
DCCDD	8	7	unsat	0.551	0
DCCDD	8	8	unsat	0.581	0
DCCDD	9	5	unsat	0.466	0
DCCDD	9	7	unsat	0.317	0
DCCDD	9	6	unsat	0.531	0
DCCDD	9	8	unsat	0.371	0
DCCDD	9	9	unsat	0.404	0
DCDCC	5	5	unsat	0.712	0
DCDCC	6	6	unsat	0.559	0
DCDCC	7	5	unsat	1.021	0
DCDCC	6	5	unsat	1.729	0
DCDCC	7	6	unsat	0.804	0
DCDCC	8	5	unsat	0.595	0
DCDCC	7	7	unsat	1.99	0
DCDCC	8	6	unsat	0.685	0
DCDCC	8	7	unsat	0.541	0
DCDCC	8	8	unsat	0.63	0
DCDCC	9	5	unsat	0.554	0
DCDCC	9	7	unsat	0.281	0
DCDCC	9	6	unsat	0.458	0
DCDCC	9	8	unsat	0.322	0
DCDCC	9	9	unsat	0.329	0
DCDCD	5	5	unsat	0.515	0
DCDCD	6	6	unsat	0.698	0
DCDCD	6	5	unsat	1.265	0
DCDCD	7	5	unsat	1.492	0
DCDCD	7	6	unsat	1.185	0
DCDCD	7	7	unsat	1.1	0
DCDCD	8	5	unsat	0.846	0
DCDCD	8	6	unsat	0.588	0
DCDCD	8	8	unsat	0.606	0
DCDCD	8	7	unsat	0.536	0
DCDCD	9	5	unsat	0.417	0
DCDCD	9	6	unsat	0.433	0
DCDCD	9	7	unsat	0.285	0
DCDCD	9	9	unsat	0.273	0
DCDCD	9	8	unsat	0.353	0
DCDDC	5	5	unsat	0.588	0
DCDDC	6	6	unsat	0.59	0
DCDDC	6	5	unsat	1.108	0
DCDDC	7	6	unsat	0.881	0
DCDDC	7	7	unsat	0.747	0
DCDDC	7	5	unsat	1.947	0
DCDDC	8	6	unsat	0.734	0
DCDDC	8	5	unsat	1.04	0
DCDDC	8	7	unsat	0.706	0
DCDDC	9	5	unsat	0.603	0
DCDDC	8	8	unsat	0.849	0
DCDDC	9	6	unsat	0.431	0
DCDDC	9	7	unsat	0.349	0
DCDDC	9	8	unsat	0.333	0
DCDDC	9	9	unsat	0.477	0
DCDDD	5	5	unsat	0.418	0
DCDDD	6	5	unsat	0.825	0
DCDDD	6	6	unsat	0.859	0
DCDDD	7	5	unsat	1.038	0
DCDDD	7	6	unsat	0.845	0
DCDDD	7	7	unsat	0.789	0
DCDDD	8	6	unsat	0.46	0
DCDDD	8	5	unsat	0.629	0
DCDDD	8	7	unsat	0.551	0
DCDDD	8	8	unsat	0.538	0
DCDDD	9	5	unsat	0.513	0
DCDDD	9	6	unsat	0.392	0
DCDDD	9	7	unsat	0.263	0
DCDDD	9	8	unsat	0.234	0
DCDDD	9	9	unsat	0.388	0
