9	DC	2	2	unsat	3.998	0
9	DC	3	3	unsat	7.922	0
9	DC	4	2	unsat	7.613	0
9	DC	3	2	unsat	10.855	0
9	DC	5	2	unsat	1.344	0
9	DC	4	3	unsat	12.707	0
9	DC	6	2	unsat	0.59	0
9	DC	6	3	unsat	1.603	0
9	DC	5	3	unsat	8.933	0
9	DC	6	4	unsat	3.15	0
9	DC	6	6	unsat	11.302	0
9	DC	6	5	unsat	16.879	0
9	DC	7	2	unsat	0.376	0
9	DC	7	3	unsat	0.834	0
9	DC	5	4	unsat	28.019	0
9	DC	7	4	unsat	0.562	0
9	DC	7	5	unsat	1.24	0
9	DC	7	6	unsat	1.14	0
9	DC	7	7	unsat	2.136	0
9	DC	8	2	unsat	0.394	0
9	DC	8	3	unsat	0.477	0
9	DC	8	4	unsat	0.391	0
9	DC	8	5	unsat	0.187	0
9	DC	8	6	unsat	0.216	0
9	DC	8	7	unsat	0.308	0
9	DC	8	8	unsat	0.153	0
9	DCXXX	5	5	unsat	0.334	0
9	DC	4	4	unsat	46.681	0
9	DCXXX	6	5	unsat	0.302	0
9	DCXXX	6	6	unsat	0.241	0
9	DCXXX	7	5	unsat	0.284	0
9	DCXXX	7	6	unsat	0.239	0
9	DCXXX	7	7	unsat	0.327	0
9	DCXXX	8	5	unsat	0.261	0
9	DCXXX	8	6	unsat	0.212	0
9	DCXXX	8	7	unsat	0.168	0
9	DCXXX	8	8	unsat	0.194	0
9	DCXXXX	6	6	unsat	0.212	0
9	DCXXXX	7	6	unsat	0.189	0
9	DCXXXX	7	7	unsat	0.3	0
9	DCXXXX	8	7	unsat	0.153	0
9	DCXXXX	8	6	unsat	0.224	0
9	DCXXXX	8	8	unsat	0.247	0
9	DCXXXXX	7	7	unsat	0.212	0
9	DCXXXXX	8	7	unsat	0.205	0
9	DCXXXXX	8	8	unsat	0.203	0
9	DCXXXXXX	8	8	unsat	0.244	0
10	DC	2	2	unsat	11.208	0
10	DC	4	2	unsat	21.039	0
10	DC	3	2	unsat	28.799	0
10	DC	5	2	unsat	9.375	0
10	DC	3	3	unsat	42.778	0
10	DC	4	3	unsat	44.155	0
9	DC	5	5	unsat	109.495	0
10	DC	6	2	unsat	8.829	0
10	DC	5	3	unsat	58.138	0
10	DC	6	3	unsat	29.105	0
10	DC	4	4	unsat	149.524	0
10	DC	6	4	unsat	154.949	0
10	DC	7	2	unsat	3.446	0
10	DC	7	3	unsat	7.167	0
10	DC	7	4	unsat	21.283	0
10	DC	5	4	unknown	300.193	124
10	DC	7	5	unsat	51.952	0
10	DC	5	5	unknown	300.194	0
10	DC	8	2	unsat	1.078	0
10	DC	8	3	unsat	1.682	0
10	DC	8	4	unsat	2.723	0
10	DC	8	5	unsat	4.79	0
10	DC	8	6	unsat	7.755	0
10	DC	8	7	unsat	7.391	0
10	DC	6	5	unknown	300.283	124
10	DC	9	2	unsat	1.12	0
10	DC	8	8	unsat	12.042	0
10	DC	9	3	unsat	0.883	0
10	DC	9	5	unsat	0.584	0
10	DC	9	4	unsat	1.057	0
10	DC	9	6	unsat	0.385	0
10	DC	9	7	unsat	0.393	0
10	DC	9	8	unsat	0.274	0
10	DC	9	9	unsat	0.274	0
10	DCXXXX	6	6	unsat	0.423	0
10	DCXXXX	7	6	unsat	0.374	0
10	DCXXXX	7	7	unsat	0.404	0
10	DCXXXX	8	6	unsat	0.369	0
10	DCXXXX	8	7	unsat	0.371	0
10	DCXXXX	8	8	unsat	0.389	0
10	DCXXXX	9	6	unsat	0.314	0
10	DCXXXX	9	7	unsat	0.272	0
10	DCXXXX	9	8	unsat	0.315	0
10	DCXXXX	9	9	unsat	0.331	0
10	DCXXXXX	7	7	unsat	0.366	0
10	DCXXXXX	8	7	unsat	0.291	0
10	DCXXXXX	8	8	unsat	0.389	0
10	DCXXXXX	9	7	unsat	0.279	0
10	DCXXXXX	9	8	unsat	0.301	0
10	DCXXXXX	9	9	unsat	0.459	0
10	DCXXXXXX	8	8	unsat	0.405	0
10	DCXXXXXX	9	8	unsat	0.406	0
10	DCXXXXXX	9	9	unsat	0.7	0
10	DCXXXXXXX	9	9	unsat	1.217	0
10	DC	6	6	unknown	300.192	124
10	DC	7	6	unsat	156.573	0
10	DC	7	7	unsat	202.364	0
